X1, X2, X3 ,L
-6.30933041,-5.96423098,2.00000000
2.52861129,0.80644465,1.00000000
-7.68077969,3.05070898,3.00000000
-6.03994152,-5.25893850,2.00000000
-10.55053251,10.04608086,5.00000000
-4.10967170,-8.48523674,2.00000000
1.68258190,4.71249982,4.00000000
-10.43156215,9.08436423,5.00000000
-7.66640759,-6.14604775,2.00000000
-11.08880710,8.38157959,5.00000000
-10.06689102,8.20415826,5.00000000
-7.30447211,10.98315153,3.00000000
1.69041980,3.74623161,4.00000000
-4.51026897,-7.66439963,2.00000000
3.13544329,4.61039043,4.00000000
-9.12435136,7.64967223,3.00000000
-3.88833397,11.33918774,0.00000000
2.10781992,4.56433997,4.00000000
-1.28892180,7.16798965,0.00000000
-8.54287851,8.89746781,5.00000000
4.22730129,-1.47971206,1.00000000
-2.13345835,9.53395844,0.00000000
2.71225845,3.14487850,4.00000000
-6.62994888,-6.14143270,2.00000000
-1.57069660,7.72854979,0.00000000
2.42199947,3.68880075,1.00000000
5.10624018,4.18620401,1.00000000
-10.43599825,6.86568586,3.00000000
-9.18762014,10.16128458,5.00000000
0.26713070,1.45848090,4.00000000
3.90846950,1.32433240,1.00000000
1.19451302,7.99875048,4.00000000
-10.31290169,9.61838656,5.00000000
-10.61972539,7.78825398,3.00000000
-0.96269834,10.41120631,0.00000000
-8.56371022,-6.30649497,2.00000000
-7.93687066,12.33571822,5.00000000
-9.67065112,9.82652816,5.00000000
3.96779205,4.12714946,4.00000000
-3.41015566,8.57674550,0.00000000
-11.35686980,11.17971613,5.00000000
1.74795557,6.22376618,4.00000000
-6.32177654,6.49314055,3.00000000
-5.53683736,-5.92735189,2.00000000
3.81724746,3.24677720,4.00000000
-6.59297859,-6.81045477,2.00000000
-10.00252130,-4.33542504,2.00000000
-6.83714963,-6.83547538,2.00000000
-5.54691150,9.29396760,0.00000000
-6.79018164,-7.85051476,2.00000000
-7.93614273,-8.99280154,2.00000000
-10.65286987,8.22341601,3.00000000
-7.74688344,7.40144174,3.00000000
-2.40449450,8.43631573,0.00000000
-1.28990444,9.95872939,0.00000000
-0.06058067,6.86907406,0.00000000
-1.97367439,7.97492174,0.00000000
-8.86778446,8.15225785,3.00000000
-11.17320060,6.68135017,3.00000000
-3.69797873,8.84218147,0.00000000
4.54586019,3.40588316,1.00000000
1.11387693,6.90046613,4.00000000
-7.79881023,-7.46166193,2.00000000
-9.09033962,9.68394656,5.00000000
-7.89421564,-4.17869894,2.00000000
3.75128795,0.67718353,1.00000000
-11.59263582,8.08550991,3.00000000
-8.84743412,8.58125908,3.00000000
5.77536176,0.58992170,1.00000000
-5.33589374,-6.17121337,2.00000000
-9.91593865,8.66590948,3.00000000
-6.68747057,-7.90168708,2.00000000
4.80397103,3.06181962,1.00000000
-5.91554305,-4.88638080,2.00000000
-8.61532657,6.81789396,3.00000000
-2.36358130,10.46725361,0.00000000
-8.03019377,5.94251253,3.00000000
-5.49358666,-7.15746280,2.00000000
-8.54549096,-4.25170393,2.00000000
-6.75301643,8.16023838,3.00000000
3.03844819,1.75960046,1.00000000
7.10733041,1.59961562,1.00000000
-7.13030431,-6.66003906,2.00000000
-7.17605353,5.76366402,3.00000000
0.48602000,6.94259041,4.00000000
-6.13965034,-6.60285541,2.00000000
-2.83571943,10.66245141,0.00000000
-7.76257233,11.68017112,5.00000000
-2.37155646,6.03293276,0.00000000
-9.40701937,7.01815238,3.00000000
2.70493749,0.03055153,1.00000000
-10.49337767,4.09418703,3.00000000
2.23020936,2.27836514,1.00000000
-8.63622791,11.06274681,5.00000000
-11.69778631,9.27353868,5.00000000
-10.78034997,9.06476310,3.00000000
-5.38735445,8.97451532,0.00000000
-2.82138100,8.27478473,0.00000000
-8.72037497,4.32622189,3.00000000
0.49856751,4.25397133,4.00000000
-6.32661723,-7.47011781,2.00000000
-10.97933982,9.75575052,5.00000000
4.23654580,0.31338082,1.00000000
-6.21960552,-7.63319093,2.00000000
-3.99500211,8.16483953,0.00000000
-6.93895992,-5.85785855,2.00000000
4.46806907,3.82989415,1.00000000
-5.40314359,-7.20109286,2.00000000
-10.39130239,9.26239712,5.00000000
-3.74744342,8.53220737,0.00000000
-2.37862702,8.56577510,0.00000000
6.92456495,2.78153475,1.00000000
-9.96927464,6.90251030,3.00000000
-6.95382276,-5.86788036,2.00000000
0.45508644,1.21191667,4.00000000
-2.16800772,10.97500026,0.00000000
-0.02801781,3.82430345,4.00000000
-6.68017268,-7.93029082,2.00000000
-1.99377019,6.36972590,0.00000000
-12.79182144,14.10481984,5.00000000
-9.56310745,9.68450306,3.00000000
7.92458324,0.76072226,1.00000000
-5.70092695,-6.24192325,2.00000000
-7.15993466,-7.53970618,2.00000000
-8.75693633,-4.71446269,2.00000000
-7.71800996,-6.31429178,2.00000000
1.98102788,6.81982895,4.00000000
-8.56848653,9.41152635,3.00000000
-0.76445199,9.02963572,0.00000000
4.27126424,1.56408433,1.00000000
-6.54642653,-7.59823253,2.00000000
0.79500191,4.15638987,4.00000000
4.75593130,0.68124338,1.00000000
-10.52838595,10.69178725,5.00000000
-7.83570788,-5.09658480,2.00000000
3.34696490,4.04469576,4.00000000
5.23155705,1.34169296,1.00000000
-9.78726073,7.93640309,5.00000000
-2.21060808,8.11396081,0.00000000
-9.11625924,7.12879187,3.00000000
-4.80638870,-5.90704476,2.00000000
4.61135452,0.46937564,1.00000000
2.13577091,2.78820997,1.00000000
-2.68267005,8.56263058,0.00000000
6.22751557,-0.66493955,1.00000000
5.02946259,0.61669475,1.00000000
-7.91916690,5.74339957,3.00000000
4.82032228,2.74482794,1.00000000
4.47138676,1.64171528,1.00000000
-12.42873211,9.71813760,5.00000000
3.97491217,6.50371835,4.00000000
-8.76503765,7.38441045,3.00000000
5.58905164,5.37920897,1.00000000
3.84449241,0.78386044,1.00000000
-0.79496340,10.14218568,0.00000000
-5.98997530,-7.34442925,2.00000000
3.32645146,-0.10102991,1.00000000
-2.83870545,9.54995499,0.00000000
-8.63801640,7.09481816,3.00000000
4.28145677,0.61182419,1.00000000
5.25826255,3.25287917,4.00000000
2.33870758,3.88968492,1.00000000
-8.43723929,7.80606962,3.00000000
0.96279023,6.21338834,0.00000000
2.23362961,1.50879251,4.00000000
2.10118189,4.26749516,1.00000000
-8.48009439,10.32124827,5.00000000
2.05349080,3.06944714,4.00000000
-3.22161559,8.03429228,0.00000000
3.66212467,2.04426769,1.00000000
-7.14504803,-8.07755546,2.00000000
-3.16926435,9.21039699,0.00000000
-3.97122013,10.19491303,0.00000000
-11.37776298,7.17601348,3.00000000
-10.39225528,10.61028374,5.00000000
-6.00373491,-7.41904773,2.00000000
-9.10076739,6.18990518,3.00000000
-9.25548143,-5.73948761,2.00000000
-6.23519986,-6.56857806,2.00000000
-8.65595228,8.84378154,5.00000000
3.49499010,-0.73415347,1.00000000
-2.24942623,9.59226220,0.00000000
3.97343895,2.53912042,1.00000000
4.01459145,4.99579657,4.00000000
-8.13412431,10.03898859,5.00000000
-10.55765108,12.06116338,5.00000000
5.94428772,4.00662647,1.00000000
-4.62452974,-5.56406616,2.00000000
3.01662214,5.92166234,4.00000000
-2.35972058,8.25907265,0.00000000
-5.35933345,7.91349967,3.00000000
-6.43881528,10.24713988,0.00000000
5.43458510,4.13552261,1.00000000
-9.92559409,8.42319317,5.00000000
4.25741301,4.22915917,1.00000000
-2.41277759,7.39766896,0.00000000
-10.28627580,9.23927451,5.00000000
-6.45082911,-6.37842441,2.00000000
4.97601756,1.99205829,1.00000000
5.18977621,0.56335000,1.00000000
-9.77398120,10.19456995,3.00000000
3.39267717,2.95668313,4.00000000
-9.05164804,-10.17831853,2.00000000
-4.74887082,-7.73622903,2.00000000
2.62183216,3.18441622,4.00000000
-10.99146817,11.02717022,5.00000000
-9.82850931,10.40520716,5.00000000
0.13898374,9.62175869,0.00000000
-10.60107753,9.18141904,5.00000000
3.47919504,0.10618763,1.00000000
-3.17897005,10.29888432,0.00000000
-8.59746679,7.32809195,3.00000000
2.83449433,5.30018430,4.00000000
-7.97429941,9.43016452,5.00000000
-6.26724806,-9.43398500,2.00000000
-6.31243622,6.63519652,3.00000000
-8.65049100,6.67941460,3.00000000
-8.26542458,7.96858539,3.00000000
-6.54220151,9.15166569,3.00000000
-9.18461970,8.88340863,5.00000000
-10.32276996,8.73467970,3.00000000
-7.36567953,6.83627584,3.00000000
-3.89959333,8.92499809,0.00000000
-4.78059404,-5.49315907,2.00000000
-2.39549079,7.99854356,0.00000000
-10.24288895,9.23378234,5.00000000
-9.31884872,7.95977184,3.00000000
-8.80662647,10.36602042,5.00000000
-7.66371172,-5.30659575,2.00000000
4.99330067,3.12946747,1.00000000
-1.15979781,9.47523541,0.00000000
5.88398721,-1.34353328,1.00000000
5.12395668,0.73232327,1.00000000
5.26003119,4.78836340,1.00000000
-6.99127733,-5.94910145,2.00000000
1.68257409,2.72229270,4.00000000
-3.23724294,9.13709734,0.00000000
-2.50152744,8.66240543,0.00000000
-8.00083739,7.43753100,3.00000000
-8.16716386,-5.82964477,2.00000000
-8.81744834,9.66756972,5.00000000
2.50705181,3.94004768,4.00000000
-10.32541628,4.09343775,3.00000000
-12.81603322,8.31946706,5.00000000
-6.62351723,9.39365995,3.00000000
-11.22781836,7.98423502,3.00000000
-6.93986412,-9.02627225,2.00000000
-7.94619624,8.60364625,3.00000000
1.28902610,2.48202541,4.00000000
1.74158384,5.64004655,4.00000000
-7.34131259,2.97913985,3.00000000
-8.02292752,6.76760142,3.00000000
1.52013724,3.55597886,4.00000000
4.44800245,0.53985902,1.00000000
-7.80494006,10.46065281,5.00000000
-3.73652865,12.15286704,0.00000000
3.18984185,3.33467298,4.00000000
7.02965878,1.20634617,1.00000000
0.93241209,0.77782680,1.00000000
-0.59270028,8.12692904,0.00000000
-7.79690390,-8.99010124,2.00000000
-9.78111638,6.57542347,5.00000000
-6.39042766,-8.75677996,2.00000000
-9.71084913,5.80138782,3.00000000
3.64594320,2.82906769,1.00000000
1.98134343,2.76154962,4.00000000
2.72194521,4.10798933,4.00000000
-0.11041577,6.41345203,4.00000000
-5.85678996,-4.11004860,2.00000000
-4.55387645,-8.37764065,2.00000000
5.88538256,0.68904395,1.00000000
7.73100072,4.60618095,1.00000000
1.89827921,3.97883029,4.00000000
-8.28136417,7.37922752,5.00000000
-1.47980734,6.59521232,0.00000000
-10.94690857,8.41754754,5.00000000
-8.53667919,8.89950451,3.00000000
-3.20015578,10.59996947,0.00000000
3.17142065,6.00185139,4.00000000
0.52334689,3.40428917,4.00000000
-10.74762662,10.00877547,5.00000000
-8.94572965,7.26768956,3.00000000
-7.97033295,-7.25138755,2.00000000
-7.68974835,8.09893477,5.00000000
-8.68026450,5.32248467,3.00000000
0.30976656,3.87096237,4.00000000
-5.81318724,-6.21371463,2.00000000
-7.69700582,-6.28140542,2.00000000
4.26643261,3.43052611,1.00000000
-0.88462076,10.59498921,0.00000000
-8.70826941,8.68584156,5.00000000
-1.72628527,9.45976314,0.00000000
-0.03555148,1.74110946,4.00000000
-10.52228416,9.69010823,5.00000000
2.68317459,2.97767851,1.00000000
2.20167079,2.70184814,4.00000000
-9.62791875,9.81843878,5.00000000
-10.41139748,9.53746439,5.00000000
-3.87123374,6.89583058,0.00000000
-6.33189604,9.13436832,5.00000000
-9.84856369,7.74201416,3.00000000
3.87972484,4.19335892,4.00000000
-4.83519277,9.11713059,0.00000000
-8.81865142,9.00887703,5.00000000
-6.49558259,-5.40607312,2.00000000
1.47487114,2.90263705,4.00000000
0.78091490,4.29066738,4.00000000
-1.29040889,11.04864617,0.00000000
-10.67697625,5.12696060,3.00000000
-9.42059298,7.57914725,3.00000000
-8.25545985,11.06302219,3.00000000
-6.93165452,-6.52878749,2.00000000
-9.72085455,8.84318050,5.00000000
-8.60445895,9.69030134,5.00000000
-9.34852553,7.85668433,5.00000000
3.12756608,3.73946022,4.00000000
-9.32078033,10.43864489,3.00000000
-6.75620121,-5.28188903,2.00000000
-7.74308393,-6.69709487,2.00000000
-8.38583834,-8.03180594,2.00000000
-7.63179975,6.90445906,5.00000000
2.24823735,1.07410715,1.00000000
-5.64890392,-6.11919855,2.00000000
2.53002600,3.71834944,4.00000000
-8.55025408,6.85984822,3.00000000
-7.91805080,5.78933407,3.00000000
0.51248639,5.87126940,4.00000000
-7.02257049,-6.46157730,2.00000000
1.29818495,2.73145864,4.00000000
-2.11937343,10.18702044,0.00000000
-1.32264970,7.65020495,0.00000000
3.44663144,1.93410460,4.00000000
-1.97251658,9.85546292,0.00000000
-2.73687527,9.89676194,0.00000000
-4.38141552,-5.35855450,2.00000000
-9.58650190,8.17256410,5.00000000
-1.52209842,2.64685550,4.00000000
1.35737686,2.83424748,4.00000000
3.85385078,5.03459811,4.00000000
-2.44083986,8.03688561,0.00000000
1.64926355,6.57246992,4.00000000
-8.80027122,-4.24791832,2.00000000
-6.73652409,9.30720582,5.00000000
-7.01868121,7.53609829,3.00000000
-10.70201599,7.41816328,5.00000000
-10.94386291,9.88473597,5.00000000
-8.35629193,7.95640405,3.00000000
-9.16791495,-7.91797170,2.00000000
-0.31072447,8.67562168,0.00000000
4.59074893,1.15803253,1.00000000
-7.24148128,-6.35202650,2.00000000
1.01869113,5.72130859,4.00000000
-3.20432416,8.31569150,0.00000000
-1.68855155,8.71099715,0.00000000
-3.83498378,9.24487379,0.00000000
-1.38825722,9.92984153,0.00000000
-2.84439180,10.08528687,0.00000000
-7.82007778,-4.16143676,2.00000000
-1.27610738,11.85947560,0.00000000
5.13834985,0.85043988,1.00000000
1.38276384,5.88412012,4.00000000
0.59454887,1.89172738,1.00000000
3.67001951,0.35084768,1.00000000
-8.98271498,9.36190363,5.00000000
-5.47610960,-4.97277695,2.00000000
-9.66378549,6.31608786,3.00000000
-8.61269940,7.87096442,3.00000000
-6.59947704,-8.01318399,2.00000000
2.15491056,6.37774668,4.00000000
-5.90432542,-7.02887339,2.00000000
-7.18003886,9.10406837,3.00000000
-0.19606712,4.43649144,4.00000000
-9.87055327,10.70217662,3.00000000
-9.77667181,7.91722822,3.00000000
-6.83650996,-4.96243180,2.00000000
5.50548703,1.66860160,1.00000000
4.91267822,2.34550056,1.00000000
-7.01423073,-4.71993377,2.00000000
-0.77130425,7.78326265,0.00000000
-8.26447706,-8.90763650,2.00000000
-3.56227726,8.52279291,0.00000000
-9.16337831,9.00983958,5.00000000
-6.10313866,-7.96872531,2.00000000
-7.37109863,7.47770467,0.00000000
2.79270039,3.36240030,4.00000000
-7.39250908,10.63930742,3.00000000
2.27499170,6.13784786,4.00000000
-7.55808667,-10.51592858,2.00000000
-9.36130596,6.79963636,3.00000000
3.40114364,3.15923543,4.00000000
3.29225683,2.71104844,1.00000000
-12.55725983,10.52006243,5.00000000
-1.61406016,5.48751965,4.00000000
1.46399007,5.79457449,4.00000000
-7.34392753,6.58288804,3.00000000
-4.29615287,9.99911654,0.00000000
3.81715749,3.92365720,4.00000000
-4.10265319,9.72467477,0.00000000
-11.19742465,9.75706734,5.00000000
-9.53987956,7.84327874,3.00000000
-11.84539068,10.53828099,5.00000000
7.46291558,3.99129975,1.00000000
-7.24011529,-7.44234080,2.00000000
5.59776752,-0.51911041,1.00000000
-4.36462369,7.03360121,0.00000000
4.31500287,4.92320519,4.00000000
-3.52923471,9.36266667,0.00000000
-5.61866187,-7.85904556,2.00000000
4.71266128,0.72674451,1.00000000
-8.12816055,-6.17298626,2.00000000
-5.72543645,6.28974119,3.00000000
-1.84346848,10.17623721,0.00000000
-3.74252822,9.37981695,0.00000000
0.70532635,2.92113102,4.00000000
-7.65555987,-4.76608843,2.00000000
-3.21340920,9.82812619,0.00000000
-9.97650421,11.79616780,5.00000000
-8.80008379,-5.57142360,2.00000000
-9.73619231,9.42647148,5.00000000
4.33546516,7.17059089,4.00000000
5.10661093,2.50663901,4.00000000
6.40903902,1.26940621,1.00000000
-9.90500547,7.91742775,5.00000000
-5.93101558,-5.42127792,2.00000000
-2.87727980,7.88368188,0.00000000
4.74722819,1.25668351,1.00000000
-2.12287204,8.90261725,0.00000000
5.21597701,1.92412756,1.00000000
6.06551459,1.10781420,1.00000000
-12.24785882,11.29107929,5.00000000
1.84087801,4.79075022,4.00000000
2.28696257,3.61090980,4.00000000
-8.08743664,8.39226673,5.00000000
1.99024929,3.04063404,4.00000000
0.67403667,10.56298402,0.00000000
-1.27107310,10.23455058,0.00000000
2.46263713,2.12657885,4.00000000
-6.90426154,-5.09751968,2.00000000
-3.02326940,7.81087022,0.00000000
-6.41776085,8.00382437,3.00000000
-8.97075083,11.19308692,3.00000000
1.81461626,2.32500420,4.00000000
-10.92268646,4.85542480,3.00000000
-6.32946918,7.95205143,3.00000000
-3.32577171,9.18067001,0.00000000
-8.23949307,8.29431683,3.00000000
-7.46085285,4.96777201,3.00000000
3.80337931,8.04579702,4.00000000
-5.27961516,-5.12616621,2.00000000
-1.96710421,11.32134098,0.00000000
5.70730115,0.28620655,1.00000000
-7.70796176,-5.93071187,2.00000000
5.14762345,1.35023781,1.00000000
-11.22390873,11.51459561,5.00000000
-9.30393769,10.89976618,5.00000000
-11.30389943,9.56103660,5.00000000
-8.68202610,7.22963322,3.00000000
2.74939946,2.89191657,4.00000000
3.15547161,1.78448930,1.00000000
4.23576858,3.04948307,1.00000000
-8.14103266,11.82157128,5.00000000
-4.50147670,9.30957798,0.00000000
3.10587227,3.60220183,4.00000000
4.61274601,3.56199728,4.00000000
-8.30372552,-2.93153650,2.00000000
-4.63225374,8.38331814,0.00000000
-5.15571720,-7.93487423,2.00000000
-5.81799929,-7.72380976,2.00000000
5.94835979,2.24818269,1.00000000
6.40882461,2.07444741,1.00000000
-7.65604414,-6.54442767,2.00000000
-7.50990742,-7.30278651,2.00000000
-8.90870862,8.03908416,3.00000000
-9.95740385,8.13332715,5.00000000
4.52715699,4.75345885,4.00000000
5.15251280,4.78742594,1.00000000
-12.11346740,8.18939194,5.00000000
5.36139268,2.30899572,1.00000000
3.12172227,-0.50911532,1.00000000
-9.78519556,9.51347487,5.00000000
4.44536377,3.67797085,4.00000000
-8.75335287,8.11806205,3.00000000
-8.78132254,7.50356991,3.00000000
3.50535272,-0.16021088,1.00000000
-6.44587423,-3.19715938,2.00000000
-0.29235656,8.23688080,0.00000000
-9.89584554,7.23986930,3.00000000
-6.02497627,-6.20854675,2.00000000
-10.50696618,9.94045233,5.00000000
-10.76998574,8.46692565,5.00000000
-7.42107644,-5.14111489,2.00000000
5.67509482,1.37133898,1.00000000
-5.94691225,-9.23544667,2.00000000
2.35932732,5.56033780,4.00000000
2.86499107,-1.08567858,1.00000000
4.13620179,4.47670197,1.00000000
-2.48969479,11.19458724,0.00000000
-9.15849206,9.55961212,3.00000000
-1.07819498,9.99137301,0.00000000
0.94706675,1.36164663,4.00000000
5.00732869,1.21275492,1.00000000
-8.52598848,9.74802124,5.00000000
-6.24701300,7.97800842,3.00000000
-9.40350290,10.22542511,5.00000000
1.05697549,5.70639278,4.00000000
1.05335397,2.96266355,4.00000000
1.87206912,3.85594093,4.00000000
3.66391498,1.24248161,1.00000000
2.50691914,3.78292130,4.00000000
3.93332138,2.32124459,1.00000000
4.25049181,-0.28154475,1.00000000
2.48341028,5.38505737,4.00000000
3.77472184,3.10625652,1.00000000
6.44169972,1.36105662,1.00000000
3.06688141,5.59440937,4.00000000
4.78639298,0.81365501,1.00000000
1.77161766,4.58532148,4.00000000
-8.94860603,-7.97650465,2.00000000
-9.15526967,9.78867980,5.00000000
-5.09657437,8.17085483,0.00000000
-1.04651802,8.79370006,0.00000000
3.50117984,2.19876036,1.00000000
-1.13609445,9.50741279,0.00000000
5.13026990,1.64451889,1.00000000
1.58269203,0.46104022,1.00000000
-9.64093854,-8.79947504,2.00000000
-9.89131529,6.32917154,3.00000000
5.19659765,1.06719190,1.00000000
-6.36553917,-6.19497976,2.00000000
-9.81545476,6.59769416,3.00000000
-8.38205721,-7.30176003,2.00000000
-3.60474757,9.33897401,0.00000000
-3.75269014,8.17401457,0.00000000
-7.81685506,-6.84097302,2.00000000
3.86907846,0.38434940,1.00000000
-8.82279883,5.35576857,3.00000000
-7.53137153,-7.34386778,2.00000000
-2.09416142,10.25506100,0.00000000
-0.34728769,6.86049290,0.00000000
-7.71242648,-4.05837399,2.00000000
-6.47905179,-5.54566340,2.00000000
-8.58428652,5.20295117,3.00000000
2.87056470,1.52030742,4.00000000
-9.39874074,12.30659054,5.00000000
0.00161080,2.70403050,4.00000000
-3.21709542,10.64771202,0.00000000
-9.20770062,10.09973680,5.00000000
4.66750641,4.48782565,1.00000000
-4.57570167,7.60754857,0.00000000
4.78887729,3.10025037,1.00000000
3.21369725,2.28001742,4.00000000
1.53828048,3.78520203,4.00000000
-7.12836332,10.51138828,5.00000000
2.65952903,4.72035783,1.00000000
-3.66843544,8.65905822,0.00000000
-3.30383793,9.78418728,0.00000000
5.87463471,2.08314663,1.00000000
6.14931805,1.10783188,1.00000000
-10.48274039,5.16344659,3.00000000
-9.88431774,9.17128712,5.00000000
-0.40500616,6.91150953,0.00000000
0.70671851,9.96516466,0.00000000
8.49991854,2.06199733,1.00000000
-3.84346927,7.79057070,0.00000000
-3.77938820,6.74201529,0.00000000
-3.50187732,10.29293613,0.00000000
-8.34200741,8.57381636,3.00000000
-9.12623430,8.81072419,5.00000000
-6.62332903,-7.15608460,2.00000000
-5.33186038,-9.10845015,2.00000000
3.77938583,1.15288127,1.00000000
-2.88804985,7.14261136,0.00000000
-5.83229222,-6.28988152,2.00000000
-7.46383624,7.84325563,3.00000000
1.17592884,4.43827851,4.00000000
-9.92350909,8.87422185,5.00000000
3.34925879,1.39633637,1.00000000
-6.98953761,12.74514726,5.00000000
2.31387669,3.63170212,4.00000000
-7.90214103,10.81948674,5.00000000
-9.21457095,-5.97109467,2.00000000
-1.48626817,8.54888599,0.00000000
4.22905573,3.84746604,4.00000000
-8.75490342,9.53256807,5.00000000
-9.62809200,8.07538507,5.00000000
2.46775232,-0.13802598,1.00000000
-10.23226345,8.35956557,5.00000000
5.39125462,0.50683682,1.00000000
1.11898214,4.86461294,4.00000000
-9.22439256,4.82064680,3.00000000
-5.70576570,7.11413847,3.00000000
-8.63123346,10.14946376,5.00000000
4.29247485,5.10766908,4.00000000
-12.40106882,9.57073616,5.00000000
2.95103163,7.24769476,4.00000000
-2.90618287,13.09453988,0.00000000
2.82974435,5.77021256,4.00000000
-10.65092026,7.12762545,5.00000000
3.38029607,1.07408072,1.00000000
-9.74037922,7.80319582,3.00000000
-3.72193803,8.26165056,0.00000000
-6.57524266,-9.15372577,2.00000000
-4.18309740,-5.91884530,2.00000000
-6.56310099,-7.02517926,2.00000000
-6.58484544,-5.81660396,2.00000000
-2.40790532,6.87716385,0.00000000
1.47431791,4.43847201,4.00000000
-10.50596375,9.34264185,5.00000000
-9.48323187,11.14101450,5.00000000
6.02914516,4.83729464,1.00000000
-9.06113780,11.00342240,5.00000000
3.08400960,1.68766167,1.00000000
6.39155193,2.35480095,1.00000000
-11.37876536,10.77692830,5.00000000
-0.60883090,7.95278193,0.00000000
1.32324548,1.76939696,4.00000000
-7.62284699,11.49172276,5.00000000
-10.77694000,8.93625475,5.00000000
-7.89923474,9.32110646,5.00000000
4.72346620,3.61445696,1.00000000
-4.72698061,7.93451982,0.00000000
5.11608761,2.56015218,4.00000000
-10.94223566,9.94788803,3.00000000
-6.41792454,-9.44536218,2.00000000
0.69035244,6.08615443,0.00000000
6.50900662,-1.13691566,1.00000000
-12.84731443,10.66932956,5.00000000
0.45193376,4.96643068,4.00000000
-8.38437456,6.19210914,3.00000000
2.47042960,3.03376498,4.00000000
-6.76191853,8.16938660,3.00000000
4.76976352,1.73965383,1.00000000
-7.69993487,7.74531005,3.00000000
3.82292110,3.17611014,4.00000000
-9.61743952,8.94342737,5.00000000
0.32008123,9.27615285,0.00000000
4.12584745,1.41600838,1.00000000
1.05702289,5.55321175,4.00000000
-1.57301790,9.95680439,0.00000000
-8.78720255,6.16856307,3.00000000
2.05862942,6.27978239,4.00000000
-7.25039326,-7.90308597,2.00000000
-10.05212373,8.26996243,5.00000000
-7.85984344,4.95893468,3.00000000
-2.18805701,7.14567796,0.00000000
-7.22030651,7.26576021,3.00000000
0.58961637,4.79685015,4.00000000
3.16128977,2.72923946,1.00000000
5.62142732,1.88979268,1.00000000
-10.31205885,6.98657319,3.00000000
-8.09084377,8.75076657,5.00000000
-12.28989672,8.58418634,5.00000000
-8.65488150,8.13846996,3.00000000
-6.37530502,8.83824855,3.00000000
-9.33532811,10.06110802,5.00000000
-7.16997917,10.74345602,5.00000000
-6.50555167,-4.51392967,2.00000000
0.41409172,-0.22057417,4.00000000
5.07454112,5.08627088,1.00000000
-4.40052355,10.39107905,0.00000000
-9.79677038,5.33888823,3.00000000
-2.19590223,6.07478094,0.00000000
-7.81433798,-7.71332527,2.00000000
-9.74926333,10.06977243,5.00000000
2.54202748,2.81762354,1.00000000
3.99797284,3.98434877,4.00000000
-7.68926671,-8.04756668,2.00000000
-8.50245656,9.36973356,3.00000000
-4.02844430,9.48565713,0.00000000
4.62791987,4.19308589,1.00000000
2.48554975,6.71477397,4.00000000
-4.01822370,7.19300321,0.00000000
-6.38818046,5.60400483,3.00000000
-9.09793549,7.34689149,3.00000000
4.83224690,5.78152365,4.00000000
2.08480518,1.88984814,1.00000000
2.66552499,5.20110997,4.00000000
-7.82862316,9.95266033,5.00000000
2.20630571,6.59846924,4.00000000
-7.21107345,-6.83978083,2.00000000
2.29383257,2.21620363,4.00000000
-4.92042247,9.29123692,0.00000000
-6.85197629,-6.35873704,2.00000000
0.22847564,4.82835556,4.00000000
-4.53134115,-6.97873498,2.00000000
5.89341700,0.27860940,1.00000000
-8.71281890,-5.81061195,2.00000000
1.97179846,4.21723615,1.00000000
-8.05407452,6.46297291,3.00000000
-8.50121200,-5.30038031,2.00000000
-3.76802391,8.55046756,0.00000000
-2.01230248,10.47760382,0.00000000
-9.63815510,9.08602176,5.00000000
-6.58585931,-8.34766876,2.00000000
3.96478063,2.90744458,1.00000000
-6.56705298,-9.94271190,2.00000000
-1.79934119,8.90504276,0.00000000
-6.44657016,6.05308089,3.00000000
-9.38198917,5.64401807,3.00000000
-9.02265952,9.35430282,5.00000000
5.94656589,1.48413439,1.00000000
2.12408350,5.44061207,4.00000000
-3.39324476,10.28868927,0.00000000
-8.00422490,9.73305541,5.00000000
-6.92931765,-4.18827280,2.00000000
-7.88766244,7.94422156,3.00000000
-7.45971303,6.88811110,3.00000000
-8.15862255,10.16782517,5.00000000
-6.47225894,-8.79523246,2.00000000
0.26742498,-0.14694176,4.00000000
-10.70412261,6.28416512,3.00000000
-8.50165003,8.89417037,3.00000000
-8.82150621,11.45868486,5.00000000
-9.79448289,10.82750886,5.00000000
-4.78825257,8.28793502,0.00000000
-1.06413343,9.63345752,0.00000000
-10.05036154,10.56768784,5.00000000
-8.76888374,9.40783045,5.00000000
3.80940488,0.17635285,1.00000000
-8.77261055,7.10301991,3.00000000
-12.29301963,7.02199313,5.00000000
-6.88503100,-8.61765663,2.00000000
2.07017704,4.00397825,1.00000000
-7.98485314,9.76611785,3.00000000
-8.71558372,7.17518844,3.00000000
-11.24686712,9.07581550,5.00000000
6.89341441,2.08431185,1.00000000
-2.06501721,9.40586904,0.00000000
-11.94462434,7.70804584,5.00000000
-6.23438205,7.62038909,3.00000000
-13.64315855,10.41501002,5.00000000
4.47933330,0.42030620,1.00000000
0.66342412,3.61042996,1.00000000
-8.74693094,8.95497657,5.00000000
-5.26917957,-8.41988254,2.00000000
3.45416715,2.68037222,1.00000000
-11.82893122,7.88460777,3.00000000
3.59029057,2.29413955,1.00000000
-9.84046344,8.81158644,3.00000000
-11.37919762,9.61261169,5.00000000
-8.34343707,-5.29964690,2.00000000
-5.23320438,7.23709472,3.00000000
1.22937521,5.04099758,4.00000000
3.28323027,4.98155191,4.00000000
-8.39807703,6.77539908,5.00000000
-7.77616474,8.75857639,3.00000000
-9.09726871,8.64901282,3.00000000
-2.56126528,7.26126907,0.00000000
-2.56293668,11.36125161,0.00000000
-9.75843175,6.86981839,3.00000000
-5.30529812,-7.68296241,2.00000000
0.69106197,3.50526411,4.00000000
-6.98487576,-9.37155099,2.00000000
-3.98146060,9.70744134,0.00000000
-10.29906913,9.37651864,5.00000000
-9.10954835,11.40887271,5.00000000
5.11455560,5.97400090,4.00000000
0.84495277,5.13387221,4.00000000
-8.12551367,10.14983830,5.00000000
3.51637176,3.02625892,4.00000000
1.76288114,6.72901428,4.00000000
5.04238111,4.36625455,4.00000000
-8.97358213,9.03631056,5.00000000
-7.16989273,11.37056872,5.00000000
-9.28075227,9.19513602,3.00000000
-2.98210149,10.15273996,0.00000000
-8.41147642,-5.81757492,2.00000000
3.03918904,3.42958444,4.00000000
-2.02294809,8.81907155,0.00000000
-4.30964223,8.51253427,0.00000000
5.56112889,3.10943125,1.00000000
-9.83291056,8.28084308,5.00000000
-3.03950038,-7.02419944,2.00000000
-0.10524836,1.52023834,4.00000000
-7.54788097,-4.70003288,2.00000000
3.56221250,1.65299896,1.00000000
-9.22689098,7.02899814,3.00000000
-8.38839726,6.97373113,5.00000000
4.67664410,2.72016712,1.00000000
2.12278631,4.93536038,4.00000000
-1.40149775,9.27133855,0.00000000
-10.04383961,9.78219812,3.00000000
-8.50066643,10.17246447,5.00000000
-6.61307569,-8.88312613,2.00000000
1.20293356,4.74915756,4.00000000
-0.13017240,7.15756288,0.00000000
-6.73544603,-7.57352253,2.00000000
0.52472208,4.61413941,4.00000000
-1.65286186,10.71763459,0.00000000
1.99933546,5.03038881,4.00000000
1.58458333,1.81666534,4.00000000
-7.88023242,5.60901555,3.00000000
-10.32121442,5.66813894,3.00000000
-10.80271539,10.03428861,5.00000000
-3.09735985,6.81901371,0.00000000
-8.69797503,4.98761409,5.00000000
-8.79605602,7.30984442,3.00000000
-2.79773907,9.46660714,0.00000000
-1.75171670,10.31291892,0.00000000
-2.75112619,9.62036241,0.00000000
-11.43263451,10.14324588,5.00000000
-8.87665886,9.08261644,3.00000000
-10.28523606,9.69993653,5.00000000
-9.74498394,9.14496446,5.00000000
5.04556407,1.89781252,1.00000000
-8.52413239,8.74496749,5.00000000
-7.42504551,-6.96552803,2.00000000
-3.68407756,8.53119385,0.00000000
-7.61378635,-5.31386828,2.00000000
-8.33009141,-6.95167663,2.00000000
-11.43983342,8.50950065,5.00000000
-2.54055001,9.19027720,0.00000000
4.93700598,1.75662907,1.00000000
-4.16870008,7.21997619,0.00000000
-2.14625422,6.14436576,0.00000000
5.14628283,1.35535423,1.00000000
1.75158036,8.95111291,4.00000000
4.54075914,0.15664538,1.00000000
-9.61637325,8.81541936,5.00000000
1.70876535,2.88567087,4.00000000
-2.52756778,7.66840457,0.00000000
1.76702330,3.48160948,4.00000000
5.92636827,1.73326189,1.00000000
-8.48764889,4.98967945,3.00000000
1.43466301,2.77783628,4.00000000
2.89174999,4.65014603,4.00000000
-5.08705725,-9.16488995,2.00000000
-1.88980044,8.16869930,0.00000000
3.57061016,2.13281503,1.00000000
-8.03356299,5.97582094,3.00000000
-7.11517921,4.71395225,3.00000000
-6.47718611,8.01912016,5.00000000
-1.73664472,9.78496505,0.00000000
-5.47220148,-7.65417669,2.00000000
-0.26618424,6.05532771,4.00000000
3.19249365,3.00224687,1.00000000
-8.16284873,11.96411710,5.00000000
-5.96778243,-6.60019591,2.00000000
9.25820005,3.65253205,1.00000000
7.58696654,2.02606501,1.00000000
4.51418906,3.47580717,4.00000000
-8.94407592,8.05327538,3.00000000
-7.73639568,-6.02123542,2.00000000
5.05983178,0.28493611,1.00000000
-6.70828572,-6.65465695,2.00000000
-7.53322616,8.06704575,3.00000000
-7.29290258,7.68170665,3.00000000
8.30850681,2.16700146,1.00000000
-6.86223666,7.61992232,3.00000000
-11.16883374,7.79649266,5.00000000
1.35131739,6.08297610,4.00000000
5.35834857,2.47366284,1.00000000
-8.87586819,8.55017236,3.00000000
2.38343000,8.06397623,4.00000000
-7.92768911,9.21762530,5.00000000
-7.95963063,9.54517177,5.00000000
3.31301047,3.28683540,4.00000000
-10.09134834,10.54124661,3.00000000
2.67713994,5.51735382,4.00000000
-5.89181078,-3.86480279,2.00000000
-11.96009617,10.74075451,5.00000000
-0.40039749,5.90856059,4.00000000
-8.09728248,7.71453356,3.00000000
-6.58718807,8.59885553,3.00000000
-1.73662609,14.79338336,0.00000000
-8.38769583,10.52963404,5.00000000
5.50471428,2.44004492,1.00000000
3.15231267,4.73318913,4.00000000
-9.84052584,8.69006118,5.00000000
4.61210913,1.54018173,1.00000000
-9.88067253,11.09885219,5.00000000
1.15151506,5.04431916,4.00000000
-1.16048211,3.24971858,4.00000000
1.53871569,1.83948962,1.00000000
-11.22475976,8.78197561,5.00000000
3.80085647,5.23988152,4.00000000
-4.99599300,-8.22202055,2.00000000
-7.83623717,-7.67660503,2.00000000
2.07030646,3.03132475,4.00000000
-9.06341114,7.51188760,3.00000000
-6.99682427,5.50906139,3.00000000
4.64774439,2.04364057,1.00000000
5.41889861,4.27227805,1.00000000
-2.62485019,9.52601409,0.00000000
-2.08770982,8.08023685,0.00000000
0.42870994,4.80391220,4.00000000
-7.49961216,9.02312727,5.00000000
-9.67456543,5.26881845,3.00000000
-7.34129454,-6.55138410,2.00000000
-4.55836939,-4.18629308,2.00000000
1.15753463,0.27488812,4.00000000
-2.33892161,10.00748214,0.00000000
-8.74161613,4.36032307,3.00000000
-9.81224407,5.48761252,3.00000000
-12.58743633,10.75993677,3.00000000
-10.47679690,6.84891024,3.00000000
-7.20948441,8.03557026,3.00000000
-8.18292050,9.10949233,3.00000000
-2.36370368,9.90702167,0.00000000
1.66390209,3.61121494,4.00000000
-9.46465048,7.21186979,5.00000000
4.66077277,1.93698205,1.00000000
-5.62874396,-6.19133947,2.00000000
-8.03949081,11.08825475,5.00000000
1.90283815,4.84000925,4.00000000
-4.11553637,9.73799475,0.00000000
-8.50122218,-5.95620618,2.00000000
5.60794276,4.02611702,1.00000000
6.19618875,1.20814509,1.00000000
-13.38374140,8.96919071,5.00000000
-2.42188455,7.29983068,0.00000000
0.92041287,2.94607290,4.00000000
-0.55097941,9.04579189,0.00000000
-9.03737914,12.15547256,5.00000000
7.17059129,3.29562932,1.00000000
-5.99364495,-5.21705422,2.00000000
-8.01324961,5.87100623,3.00000000
-8.93453528,7.81666653,3.00000000
2.75876266,5.26376823,4.00000000
-10.56942364,6.65224770,5.00000000
0.28946414,9.72503551,0.00000000
-10.01731195,5.32667349,3.00000000
-6.93607924,-5.22515677,2.00000000
4.84917969,6.47631685,4.00000000
-8.57944956,12.24801995,5.00000000
-11.04579522,7.32876980,5.00000000
-9.94162267,9.17766268,3.00000000
-3.41175754,11.79270340,0.00000000
-6.51392612,-7.72622754,2.00000000
4.26133309,3.75476615,4.00000000
-6.94800622,-6.51510042,2.00000000
-1.62891198,12.29996957,0.00000000
6.96660680,2.14668164,1.00000000
2.19856518,2.04529710,1.00000000
2.70613189,7.40895507,4.00000000
-2.61721281,10.51958548,0.00000000
-2.02307167,8.43666271,0.00000000
-9.06236497,10.13197774,5.00000000
-3.43128001,-7.42436743,2.00000000
-5.62179509,7.14374155,5.00000000
-9.47515966,6.99524833,5.00000000
-8.89630296,-8.25808751,2.00000000
4.47673861,2.57573727,1.00000000
-1.27538025,7.18302065,0.00000000
-9.52290644,11.94077360,5.00000000
-0.77203131,10.20178017,0.00000000
-10.24733085,7.10739158,3.00000000
-9.20456271,8.76965367,3.00000000
-7.94222765,8.37528203,3.00000000
-7.54927761,-6.58897460,2.00000000
-7.54890234,-9.71442069,2.00000000
-4.23568799,9.57783316,0.00000000
-2.06958891,7.94275900,0.00000000
-5.06986374,-8.10551310,2.00000000
-7.73936764,7.20244805,3.00000000
-3.52458062,9.93180056,0.00000000
6.81659425,3.41207592,1.00000000
-5.79711910,-8.57368725,2.00000000
-1.96674359,8.04660650,0.00000000
3.95692937,5.17122358,4.00000000
1.83369095,1.44589946,1.00000000
4.40286699,1.33284808,1.00000000
2.32315403,5.88440758,4.00000000
-2.41885231,12.70914930,0.00000000
-4.70916036,-6.58527743,2.00000000
-8.72309492,5.39903458,3.00000000
-0.32151855,3.36787254,4.00000000
-3.08922855,-7.67641275,2.00000000
-1.80858147,5.56293142,4.00000000
2.36709224,4.02348109,1.00000000
-8.15860516,9.82888329,5.00000000
4.29347704,3.01747923,1.00000000
2.19220585,2.00403459,4.00000000
-7.05412202,5.48211119,3.00000000
3.84412711,1.10944232,1.00000000
1.82127448,4.18348385,4.00000000
-9.00516685,5.96766145,3.00000000
-3.22795898,8.73579766,0.00000000
-9.28467301,9.38708314,3.00000000
-9.26851517,8.27024305,5.00000000
-7.20136258,8.23723010,3.00000000
-10.48180206,11.45985418,5.00000000
7.08280215,-0.09698250,1.00000000
-9.99110609,8.06140871,5.00000000
-5.91140092,-3.63522751,2.00000000
4.23506643,0.50502411,1.00000000
3.95083749,0.69840313,1.00000000
-8.87485965,10.53692845,3.00000000
-9.78977323,10.61440945,5.00000000
-3.58215319,10.03368275,0.00000000
7.86965252,0.82214834,1.00000000
-2.52944346,7.42771973,0.00000000
-7.00285396,-5.20416585,2.00000000
-8.91941140,-5.76072924,2.00000000
7.41331298,3.66301723,1.00000000
1.45403525,1.18453715,1.00000000
-8.90190532,-5.76521345,2.00000000
-9.75259606,7.04306596,3.00000000
-6.93210993,-4.22390864,2.00000000
3.55839402,5.05024198,4.00000000
